{"cameraMode":{"drawMode":0,"name":"Shaded","section":"Shading Mode"},"sceneLighting":false,"audioPlay":false,"sceneViewState":{"m_AlwaysRefresh":false,"showFog":true,"showSkybox":false,"showFlares":true,"showImageEffects":true,"showParticleSystems":true,"showVisualEffectGraphs":true,"m_FxEnabled":true},"in2DMode":false,"pivot":{"x":-5.425806522369385,"y":0.9631374478340149,"z":-1.8836437463760377},"rotation":{"x":-0.009965294972062111,"y":0.5128850340843201,"z":0.00611648615449667,"w":0.8585422039031982},"size":1.101413607597351,"orthographic":false}